id,module,priority,gate,requirement,acceptance_criterion,pilot_scope,component,status,note
SCP-01,Global scope and governance,P0,Foundation,Global product model. Support any approved product category through a common product-offer model and category-specific attribute schemas.,Add a new category without changing historical offer keys or breaking existing dashboards.,pilot,C1 source register; decision log,planned,
SCP-02,Global scope and governance,P0,Foundation,"Coverage register. Maintain country, source, channel, location, locale, fields, history start, permissions, refresh and operational status for every source context.","Users can identify supported, partial, pending and unsupported contexts separately.",pilot,C1 source register; decision log,planned,
SCP-03,Global scope and governance,P0,Pilot,"Initial brand scope. Configure Shake Shack, American Eagle and the unnamed beauty/wellness brand as separate pilot workspaces.",Three brand workspaces exist; the third brand is confirmed before its source onboarding.,pilot,C1 source register; decision log,planned,
SCP-04,Global scope and governance,P0,Foundation,Source entitlement. Separate technical source availability from Alshaya's contracted rights and permitted reuse.,"Access to an unlicensed dataset is denied in UI, exports, API and AI retrieval.",pilot,C1 source register; decision log,planned,
SCP-05,Global scope and governance,P0,Pilot,"Expansion workflow. Allow users to request a URL, country or category and track feasibility, approval, cost, onboarding and acceptance.",A request has an accountable owner and cannot publish before mandatory approvals.,pilot,C1 source register; decision log,planned,
SCP-06,Global scope and governance,P0,Pilot,"Global localization. Preserve source language and support Unicode, Arabic right-to-left display, local numerals, units and time zones.",Arabic and English fixtures return equivalent filters while retaining original text.,pilot,C1 source register; decision log,planned,
SCP-07,Global scope and governance,P0,Pilot,"Portfolio roll-up. Aggregate by group, brand, market, category and department without mixing non-comparable pricing units.",Portfolio views drill to a comparable cohort and expose aggregation rules.,pilot,C1 source register; decision log,planned,
SCP-08,Global scope and governance,P0,Foundation,"Explicit limits. Display unavailable fields, restricted channels, sampling limits and unsupported categories rather than claiming complete worldwide coverage.",A partially covered source is visibly marked in every affected report.,pilot,C1 source register; decision log,planned,
SCP-09,Global scope and governance,P0,Foundation,"Operating ownership. Assign business, data, source maintenance, security, legal and analytical owners.",Every production source and KPI has a named role and escalation path.,pilot,C1 source register; decision log,planned,
SCP-10,Global scope and governance,P0,Foundation,"Read-only boundary. Keep the initial platform read-only toward pricing, commerce, supplier and financial systems.",No user or AI workflow can publish a selling price or place an order.,pilot,C1 source register; decision log,planned,
SCP-11,Global scope and governance,P0,Pilot,"Decision log. Record scope, taxonomy, metric, matching and source-policy decisions with rationale and effective dates.",A reviewer can recover the policy in effect for any published report.,pilot,C1 source register; decision log,planned,
SCP-12,Global scope and governance,P1,Scale,"Category expansion gates. Require a category-specific schema, comparison policy and labeled test set before releasing a new vertical.",An electronics category cannot inherit candle or apparel comparison rules.,later,C1 source register; decision log,planned,
SRC-01,Collection and source operations,P0,Foundation,"Source onboarding. Prefer licensed APIs or feeds, then approved structured pages, HTML, rendered pages and permitted documents.","Each source records access method, rights basis, field contract and feasibility outcome.",pilot,"C1-C5 collection, ladder, evidence, images",planned,
SRC-02,Collection and source operations,P0,Foundation,"Context replay. Capture country, location pin, store, channel, locale, device and approved customer cohort for every crawl.",A repeated test reconstructs the same observation context without personal credentials in output.,pilot,"C1-C5 collection, ladder, evidence, images",planned,
SRC-03,Collection and source operations,P0,Pilot,Full-scope discovery. Discover all accessible catalog pages and variants within the contracted source context.,"Reconcile discovered, fetched, parsed and published counts with a coverage denominator and known gaps.",pilot,"C1-C5 collection, ladder, evidence, images",planned,
SRC-04,Collection and source operations,P0,Pilot,"Dynamic content. Support approved pagination, infinite scroll, variant selection and rendered price components.",Test products beyond the first page and default variant are collected correctly.,pilot,"C1-C5 collection, ladder, evidence, images",planned,
SRC-05,Collection and source operations,P0,Pilot,Structured extraction. Parse available structured product and offer metadata while checking against the visible customer view.,"Conflicting structured and visible prices are retained and flagged, not silently chosen.",pilot,"C1-C5 collection, ladder, evidence, images",planned,
SRC-06,Collection and source operations,P0,Foundation,"Scheduling. Configure collection by source, local day, time, frequency, priority and budget.",Daily and weekly sources run independently with daylight-saving-safe timestamps.,pilot,"C1-C5 collection, ladder, evidence, images",planned,
SRC-07,Collection and source operations,P0,Pilot,"Collection versus alerts. Separate crawl cadence, pipeline delay and alert delivery time in configuration and reporting.",Alert latency is measured from accepted observation; source-change latency remains bounded by sampling.,pilot,"C1-C5 collection, ladder, evidence, images",planned,
SRC-08,Collection and source operations,P0,Foundation,"Permitted access. Honor approved access policies, rate limits and source restrictions; do not bypass access controls.",A blocked or unapproved source stops and raises a coverage incident.,deviation,"C1-C5 collection, ladder, evidence, images",planned,Owner decision: escalation ladder instead of stopping at blocks (ADR-0003)
SRC-09,Collection and source operations,P0,Foundation,Connector isolation. Version and isolate source connectors so one failure does not halt other sources.,A simulated schema break affects only its connector and produces a rollback path.,pilot,"C1-C5 collection, ladder, evidence, images",planned,
SRC-10,Collection and source operations,P0,Foundation,"Retries and repair. Use bounded retries, backoff, failure queues, maintenance ownership and regression fixtures.",Failed batches recover without duplicate logical observations or alert storms.,pilot,"C1-C5 collection, ladder, evidence, images",planned,
SRC-11,Collection and source operations,P1,Scale,Discovery versus refresh. Separate periodic full discovery from prioritized rechecks where the contracted source allows this.,New products are still found while selected products receive faster refreshes.,later,"C1-C5 collection, ladder, evidence, images",planned,
SRC-12,Collection and source operations,P0,Pilot,Availability probing. Record explicit stock status and delivery eligibility without creating purchases or reserving inventory.,"Collection does not submit an order, payment or inventory-holding checkout.",pilot,"C1-C5 collection, ladder, evidence, images",planned,
SRC-13,Collection and source operations,P1,Scale,Documents and images. Extract approved online menus and catalogs; use visual extraction only where machine-readable content is insufficient.,Low-confidence document fields require review and retain a permitted evidence reference.,later,"C1-C5 collection, ladder, evidence, images",planned,
SRC-14,Collection and source operations,P0,Pilot,Offline imports. Ingest authorized store audits and price files as explicitly offline observations.,"Offline prices retain store, observation date, submitter and evidence separate from online prices.",pilot,"C1-C5 collection, ladder, evidence, images",planned,
SRC-15,Collection and source operations,P0,Pilot,"Historical backfill. Import licensed historical data only with its actual source dates, coverage and acquisition provenance.",No observation is fabricated before the first available historical record.,pilot,"C1-C5 collection, ladder, evidence, images",planned,
SRC-16,Collection and source operations,P0,Foundation,Source retirement. Pause or retire a source without deleting its permitted historical facts or hiding the coverage loss.,A retired source remains historically queryable and is excluded from current-fresh rankings.,pilot,"C1-C5 collection, ladder, evidence, images",planned,
CAT-01,Canonical catalog and taxonomy,P0,Foundation,"Product versus offer. Separate canonical product, sellable variant, source listing, seller offer and time-stamped observation.",One variant sold by two sellers has separate offers and a shared product identity.,pilot,C8 catalogue schema,planned,
CAT-02,Canonical catalog and taxonomy,P0,Foundation,"Identifiers. Store internal article codes, source SKUs, GTINs and manufacturer identifiers with issuer and validation state.",Leading zeros survive; reused or conflicting identifiers do not auto-merge products.,pilot,C8 catalogue schema,planned,
CAT-03,Canonical catalog and taxonomy,P0,Foundation,"Variant identity. Represent size, color, shade, scent, capacity, flavor, concentration, condition and pack count as applicable.",A 50 ml fragrance and 100 ml fragrance remain distinct variants.,pilot,C8 catalogue schema,planned,
CAT-04,Canonical catalog and taxonomy,P0,Pilot,"Family relationships. Link product families, variants, multipacks, kits, bundles, successors and reformulations explicitly.",A successor can share a family but never overwrite the predecessor's history.,pilot,C8 catalogue schema,planned,
CAT-05,Canonical catalog and taxonomy,P0,Foundation,"Typed attributes. Use category-specific typed fields, controlled units and schema versions rather than free text alone.",Adding candle wick count leaves apparel size and electronics voltage validation unchanged.,pilot,C8 catalogue schema,planned,
CAT-06,Canonical catalog and taxonomy,P0,Pilot,"Multilingual catalog. Preserve original names and descriptions alongside translations, transliterations and normalized search fields.",A translation update does not alter the original source evidence.,pilot,C8 catalogue schema,planned,
CAT-07,Canonical catalog and taxonomy,P0,Pilot,"Multiple taxonomies. Maintain source taxonomy, universal taxonomy and Alshaya taxonomy with versioned many-to-many mappings.",A category change can be viewed as originally classified or restated under the new mapping.,pilot,C8 catalogue schema,planned,
CAT-08,Canonical catalog and taxonomy,P1,Scale,Configurable depth. Support arbitrary practical taxonomy depth and category-specific required attributes.,A six-level category can be configured without truncation to the four-level demo.,pilot,C8 catalogue schema,planned,
CAT-09,Canonical catalog and taxonomy,P0,Pilot,"Manual enrichment. Allow controlled business tags, category corrections, article mappings and review notes.","Overrides retain author, reason and scope and survive subsequent automated runs.",pilot,C8 catalogue schema,planned,
CAT-10,Canonical catalog and taxonomy,P0,Foundation,"Attribute provenance. Tag every important value as observed, supplied, normalized, inferred or manually corrected.",Users can distinguish an inferred material from a material explicitly stated on the page.,pilot,C8 catalogue schema,planned,
CAT-11,Canonical catalog and taxonomy,P1,Scale,"Marketplace sellers. Model seller, merchant of record and fulfillment provider separately where exposed.",Identical marketplace products with different sellers or conditions remain distinguishable.,later,C8 catalogue schema,planned,
CAT-12,Canonical catalog and taxonomy,P1,Scale,"Content quality. Track missing descriptions, images, ingredients, dimensions, size guides and required local fields.",Completeness scores use category-specific denominators and expose missing fields.,later,C8 catalogue schema,planned,
PRC-01,Price and promotion normalization,P0,Foundation,"Price types. Store current displayed, retailer-stated regular, promotional, member, coupon, subscription and installment prices separately.",A monthly installment is never ranked as the full product selling price.,pilot,C6 normaliser; C11 metrics,planned,
PRC-02,Price and promotion normalization,P0,Foundation,Reference-price provenance. Label retailer-stated regular prices separately from previously observed prices and statutory reference prices.,A reported discount identifies its exact reference-price basis.,pilot,C6 normaliser; C11 metrics,planned,
PRC-03,Price and promotion normalization,P0,Foundation,"Money precision. Store original currency, decimal precision and amount without binary rounding artifacts or forced two-decimal assumptions.",Currency and rounding fixtures preserve three-decimal and zero-decimal examples.,pilot,C6 normaliser; C11 metrics,planned,
PRC-04,Price and promotion normalization,P0,Pilot,"Tax basis. Store tax included, excluded or unknown with jurisdiction and source evidence where available.",Tax-unknown offers cannot silently enter a tax-aligned comparison.,pilot,C6 normaliser; C11 metrics,planned,
PRC-05,Price and promotion normalization,P0,Pilot,"Unit normalization. Convert comparable weights, volumes, counts and pack quantities into a declared base unit.","200 g at 80 yields 40 per 100 g; missing quantity yields unknown, not zero.",pilot,C6 normaliser; C11 metrics,planned,
PRC-06,Price and promotion normalization,P0,Foundation,"Dimension compatibility. Prevent unsupported mass-volume, dose, quality and cross-category equivalence conversions.",A milliliter price cannot become a gram price without an approved conversion basis.,pilot,C6 normaliser; C11 metrics,planned,
PRC-07,Price and promotion normalization,P0,Pilot,"FX conversion. Preserve original prices and apply dated, sourced exchange rates only in a derived comparison layer.",Historical converted prices reproduce with the same FX date and rate version.,pilot,C6 normaliser; C11 metrics,planned,
PRC-08,Price and promotion normalization,P1,Scale,"Total payable basket. Model product subtotal, discounts, shipping, service, packaging, taxes and duties for a stated basket and destination.",Unknown mandatory fees mark total payable as incomplete rather than estimated silently.,later,C6 normaliser; C11 metrics,planned,
PRC-09,Price and promotion normalization,P0,Pilot,"Promotion conditions. Capture eligibility, minimum spend, qualifying quantity, dates, channel, caps, code and exclusions as structured rules.",A new-customer coupon cannot be presented as universally available.,pilot,C6 normaliser; C11 metrics,planned,
PRC-10,Price and promotion normalization,P1,Scale,"Complex promotions. Evaluate multi-buy, buy-X-get-Y, mixed baskets, tiered discounts and cheapest-item-free using explicit scenarios.",Buy-one-get-one-free shows required spend and quantity as well as effective unit cost.,later,C6 normaliser; C11 metrics,planned,
PRC-11,Price and promotion normalization,P1,Scale,"Stacking rules. Evaluate coupon, member, payment and delivery benefits only when compatible rules are known.",Unknown stacking is marked unverified rather than producing an asserted lowest price.,later,C6 normaliser; C11 metrics,planned,
PRC-12,Price and promotion normalization,P1,Scale,"Loyalty and cashback. Separate immediate cash payable from delayed rewards, points, cashback and gift value.",A points benefit does not reduce the cash-price chart by default.,later,C6 normaliser; C11 metrics,planned,
PRC-13,Price and promotion normalization,P0,Pilot,"Price ranges. Preserve from-prices, variant ranges and quote-only values without inventing a single price.",A from-price requires variant selection before exact comparison.,pilot,C6 normaliser; C11 metrics,planned,
PRC-14,Price and promotion normalization,P0,Pilot,"Channel separation. Distinguish delivery, pickup, online, marketplace and explicitly evidenced dine-in prices.",Pickup pricing is not labeled dine-in unless the source explicitly establishes that basis.,pilot,C6 normaliser; C11 metrics,planned,
PRC-15,Price and promotion normalization,P0,Pilot,Promotion timing. Store observed start/end bounds separately from advertised start/end dates.,"A promotion found between crawls has an interval of first possible detection, not a fabricated exact start.",pilot,C6 normaliser; C11 metrics,planned,
PRC-16,Price and promotion normalization,P0,Foundation,"Price anomalies. Flag impossible discounts, decimal parsing errors, sudden currency changes and extreme movements before publication.",A synthetic 100-to-1 parsing defect is quarantined and does not trigger a commercial recommendation.,pilot,C6 normaliser; C11 metrics,planned,
MAT-01,Matching and comparison policy,P0,Foundation,"Match classes. Support identical variant, identical family, normalized-size comparison and business-approved substitute as distinct relationships.",Each comparison visibly labels its match class.,pilot,C9 matching; C10 review queue,planned,
MAT-02,Matching and comparison policy,P0,Foundation,Deterministic constraints. Enforce critical identity constraints before probabilistic matching.,Different fragrance concentration or electronics model cannot be an exact match.,pilot,C9 matching; C10 review queue,planned,
MAT-03,Matching and comparison policy,P0,Pilot,"Candidate generation. Suggest candidate matches using identifiers, text, attributes and permitted images.",Candidate rank and supporting attributes are available for analyst inspection.,pilot,C9 matching; C10 review queue,planned,
MAT-04,Matching and comparison policy,P0,Pilot,"Confidence calibration. Calibrate separate match-confidence scores by category, language and match class.","Report precision and coverage on labeled holdout samples, not a single unvalidated AI score.",pilot,C9 matching; C10 review queue,planned,
MAT-05,Matching and comparison policy,P0,Pilot,"Human review. Allow reviewers to accept, reject, lock, split, merge and replace matches with reasons.",A locked human decision is not overwritten by a model update.,pilot,C9 matching; C10 review queue,planned,
MAT-06,Matching and comparison policy,P0,Foundation,Unmatched state. Keep unmatched and ambiguous products available in assortment views without forcing a comparison.,Low-confidence candidates remain unmatched in price indices.,pilot,C9 matching; C10 review queue,planned,
MAT-07,Matching and comparison policy,P0,Pilot,Hard negatives. Store rejected pairs and prohibit their automatic recreation until an authorized review changes the decision.,A rejected large-to-small candle pair does not reappear after recrawling.,pilot,C9 matching; C10 review queue,planned,
MAT-08,Matching and comparison policy,P0,Foundation,"Versioned match graph. Store effective dates, reviewer, algorithm version and lineage for every match edge.",A report can use the match policy known at publication or a labeled restatement.,pilot,C9 matching; C10 review queue,planned,
MAT-09,Matching and comparison policy,P0,Foundation,No false transitivity. Avoid treating business substitutes or family relationships as transitive exact identity.,A similar-to-B and B-similar-to-C does not automatically make A identical to C.,pilot,C9 matching; C10 review queue,planned,
MAT-10,Matching and comparison policy,P0,Pilot,"Comparison cohorts. Save exact comparison universes with product, market, channel, time window, fees, tax and eligibility rules.",A saved cohort produces reproducible results with a pinned data cutoff.,pilot,C9 matching; C10 review queue,planned,
MAT-11,Matching and comparison policy,P0,Pilot,Time alignment. Enforce a maximum observation-age difference and a freshness threshold for comparable offers.,A current offer is not ranked against a stale competitor without a visible warning or exclusion.,pilot,C9 matching; C10 review queue,planned,
MAT-12,Matching and comparison policy,P0,Pilot,"Quality governance. Track match precision, recall where measurable, coverage and reviewer disagreement by vertical.",Release reports expose category-level quality and unresolved review volume.,pilot,C9 matching; C10 review queue,planned,
DAT-01,Historical storage and lineage,P0,Foundation,Immutable observations. Append observations and correction events instead of replacing the previous price or availability record.,Two crawls with different prices remain separately queryable after publication.,pilot,C4 evidence; C8 fact store; C16 exports,planned,
DAT-02,Historical storage and lineage,P0,Foundation,"Observation grain. Key a fact by source listing, variant, seller, location context, channel, cohort and observation event.",Two prices from different location pins cannot collide in storage.,pilot,C4 evidence; C8 fact store; C16 exports,planned,
DAT-03,Historical storage and lineage,P0,Foundation,"Temporal semantics. Store observed time, received time, known effective time and correction time separately.",Late-arriving records do not impersonate earlier available knowledge.,pilot,C4 evidence; C8 fact store; C16 exports,planned,
DAT-04,Historical storage and lineage,P0,Foundation,"Evidence storage. Retain permitted raw payloads or page evidence with content hash, source URL and retrieval metadata.",A published price traces to evidence or an explicit evidence-retention limitation.,pilot,C4 evidence; C8 fact store; C16 exports,planned,
DAT-05,Historical storage and lineage,P0,Foundation,"Layered data. Separate raw, standardized, matched, analytical and serving datasets with versioned transformations.",Every dashboard metric traces through its transformations to original observations.,pilot,C4 evidence; C8 fact store; C16 exports,planned,
DAT-06,Historical storage and lineage,P0,Foundation,"Absence states. Distinguish out-of-stock, not deliverable, removed, not observed, blocked, parsing failed and unknown.",A failed crawl cannot mark an entire competitor assortment out of stock.,pilot,C4 evidence; C8 fact store; C16 exports,planned,
DAT-07,Historical storage and lineage,P0,Pilot,"History availability. Publish first observed date, gaps, sampling frequency and backfill status per source and product.",A one-year query over one month of data displays the missing period.,pilot,C4 evidence; C8 fact store; C16 exports,planned,
DAT-08,Historical storage and lineage,P0,Foundation,"Point-in-time queries. Support current, as-observed and as-known-at views with versioned taxonomy, matches and FX.",An exported historical report can be reproduced without future information leakage.,pilot,C4 evidence; C8 fact store; C16 exports,planned,
DAT-09,Historical storage and lineage,P0,Foundation,Idempotency. Use stable event keys and batch manifests to make ingestion retries logically exactly-once.,Replaying an identical delivery leaves accepted fact counts and alerts unchanged.,pilot,C4 evidence; C8 fact store; C16 exports,planned,
DAT-10,Historical storage and lineage,P0,Foundation,"Retention policy. Configure raw evidence and normalized history retention by rights, privacy, cost and business needs.",Expiry removes prohibited data while preserving authorized aggregates and audit metadata where lawful.,pilot,C4 evidence; C8 fact store; C16 exports,planned,
DAT-11,Historical storage and lineage,P0,Pilot,"Export and exit. Provide portable raw-permitted, normalized, matched and historical data plus schemas and client-owned mappings.",A sample exit export reconstructs a specified period in an independent environment.,pilot,C4 evidence; C8 fact store; C16 exports,planned,
DAT-12,Historical storage and lineage,P0,Foundation,"Recovery. Back up data, metadata and configuration and test restores against agreed recovery objectives.",A restoration drill reproduces a published comparison and its access controls.,pilot,C4 evidence; C8 fact store; C16 exports,planned,
DAT-13,Historical storage and lineage,P1,Scale,"Storage efficiency. Support partitioning, compression, incremental processing and evidence deduplication without losing observation history.",Storage optimization preserves all test observations and their temporal meaning.,later,C4 evidence; C8 fact store; C16 exports,planned,
DAT-14,Historical storage and lineage,P0,Foundation,Schema evolution. Publish versioned schemas and migrations with compatible additive changes and controlled breaking changes.,A consumer on the agreed old version continues to ingest during the notice window.,pilot,C4 evidence; C8 fact store; C16 exports,planned,
DQ-01,Data quality and trust,P0,Foundation,"Quality dimensions. Measure validity, completeness, uniqueness, freshness, coverage and consistency separately.",A source has separate quality scores rather than one opaque score.,pilot,C7 quality gate,planned,
DQ-02,Data quality and trust,P0,Foundation,"Field availability. Use null plus a reason code for unavailable values rather than zero, empty strings or fabricated estimates.",Unknown quantity and free price are distinguishable in raw and BI exports.,pilot,C7 quality gate,planned,
DQ-03,Data quality and trust,P0,Foundation,"Currency and locale checks. Validate decimal separators, numerals, currency symbols, units and multilingual labels.",Locale fixtures pass without tenfold or thousandfold price errors.,pilot,C7 quality gate,planned,
DQ-04,Data quality and trust,P0,Pilot,"Catalog reconciliation. Compare discovery, parse and publication counts against expected counts and previous successful runs.","A large unexpected catalog drop generates a data incident, not a delisting insight.",pilot,C7 quality gate,planned,
DQ-05,Data quality and trust,P0,Foundation,"Quarantine workflow. Quarantine suspected defects and provide review, repair, replay and downstream correction.",A repaired source batch updates affected reports with a correction trail.,pilot,C7 quality gate,planned,
DQ-06,Data quality and trust,P0,Pilot,"Representative audit. Audit product samples stratified by source, category, location, language, price type and edge case.",Report field correctness and match quality with sample sizes and confidence intervals.,pilot,C7 quality gate,planned,
DQ-07,Data quality and trust,P0,Foundation,"Golden test set. Maintain approved source fixtures and expected fields, normalized prices and match outcomes.",Connector and matching releases run regression tests before production.,pilot,C7 quality gate,planned,
DQ-08,Data quality and trust,P0,Pilot,"Freshness watermark. Publish last successful collection and pipeline completion at row, source and dashboard level.",A healthy dashboard cannot conceal stale source data.,pilot,C7 quality gate,planned,
DQ-09,Data quality and trust,P1,Scale,Data correction notice. Notify consumers when published facts or matches materially change after correction.,An impacted saved report shows superseded and corrected versions.,later,C7 quality gate,planned,
DQ-10,Data quality and trust,P0,Pilot,"Transparent denominators. Include cohort size, matched share, valid price share and freshness coverage in every aggregate.",A price index is suppressed when its agreed evidence threshold is not met.,pilot,C7 quality gate,planned,
ANL-01,Analytics and decision intelligence,P0,Pilot,"Price positioning. Compare exact and approved-similar prices with gaps, percentiles, price bands and rank.",Rankings honor the saved comparison policy and show evidence for each offer.,pilot,C11 metric service; C12 web app,planned,
ANL-02,Analytics and decision intelligence,P0,Pilot,"Fixed-basket indices. Calculate comparable basket price indices with explicit quantities, weights and missing-item policy.",Basket composition cannot change silently between periods.,pilot,C11 metric service; C12 web app,planned,
ANL-03,Analytics and decision intelligence,P0,Pilot,"Historical trends. Show price, promotion, availability and assortment timelines with observed gaps and annotations.","Chart interpolation is optional, labeled and never passed off as an observation.",pilot,C11 metric service; C12 web app,planned,
ANL-04,Analytics and decision intelligence,P0,Pilot,"Promotion intelligence. Analyze observed promotion frequency, discount depth, mechanics, overlap and recurrence.",All promotion charts distinguish advertised discounts from independently observed price reductions.,pilot,C11 metric service; C12 web app,planned,
ANL-05,Analytics and decision intelligence,P0,Pilot,"Assortment intelligence. Compare families, variants, categories, sizes, colors, scents and attribute coverage.",Variant-heavy retailers do not appear to have more product families solely from size duplication.,pilot,C11 metric service; C12 web app,planned,
ANL-06,Analytics and decision intelligence,P0,Pilot,"Assortment movement. Track additions, removals, returns, repricing and size or formulation changes.",Connector failures are excluded from confirmed assortment-change events.,pilot,C11 metric service; C12 web app,planned,
ANL-07,Analytics and decision intelligence,P0,Pilot,Availability analysis. Compare observed stock and size availability across locations and time with explicit unknown counts.,Out-of-stock rate excludes unknown observations and displays that exclusion.,pilot,C11 metric service; C12 web app,planned,
ANL-08,Analytics and decision intelligence,P1,Scale,"Geographic intelligence. Compare prices, stores, local competition and delivery availability at approved location granularity.",Location findings state geographic coverage and observation context.,later,C11 metric service; C12 web app,planned,
ANL-09,Analytics and decision intelligence,P0,Pilot,"Channel analysis. Compare direct, aggregator, marketplace and pickup offers with appropriate fee and eligibility basis.",Delivery premiums are not mistaken for dine-in premiums.,pilot,C11 metric service; C12 web app,planned,
ANL-10,Analytics and decision intelligence,P0,Pilot,Unit-value and pack changes. Surface ticket-price versus unit-price differences and quantity-reduction effects.,"The same price with a smaller pack is shown as a unit-price increase, not flat value.",pilot,C11 metric service; C12 web app,planned,
ANL-11,Analytics and decision intelligence,P1,Scale,"Content and review analysis. Analyze permitted content completeness, rating counts and review themes without inferring verified product quality.","Review outputs show source, sample size, date range and usage-rights status.",later,C11 metric service; C12 web app,planned,
ANL-12,Analytics and decision intelligence,P2,Advanced,Search visibility. Measure organic and sponsored placement for fixed keywords and controlled customer contexts.,Share of search visibility is not labeled sales or market share.,later,C11 metric service; C12 web app,planned,
ANL-13,Analytics and decision intelligence,P1,Scale,Anomaly detection. Rank unexpected movements while distinguishing likely source defects from commercial changes.,Every anomaly links to raw evidence and an analyst disposition.,later,C11 metric service; C12 web app,planned,
ANL-14,Analytics and decision intelligence,P1,Scale,"Internal performance joins. Join approved internal sales, costs, inventory and campaigns at valid product-location-time grain.",Row-count checks prevent duplicated sales caused by many competitor offers.,later,C11 metric service; C12 web app,planned,
ANL-15,Analytics and decision intelligence,P2,Advanced,Forecasting. Forecast selected metrics only after minimum-history and backtesting gates are met.,Forecasts include uncertainty and comparison with simple baseline models.,later,C11 metric service; C12 web app,planned,
ANL-16,Analytics and decision intelligence,P2,Advanced,Elasticity and uplift. Estimate response using sufficient internal transactions and credible experiment or causal controls.,Public price data alone cannot generate an asserted demand elasticity or causal uplift.,later,C11 metric service; C12 web app,planned,
ANL-17,Analytics and decision intelligence,P2,Advanced,"Scenario planning. Model price and promotion alternatives with costs, constraints, assumptions and sensitivity ranges.",Scenario results are labeled modeled and require human approval before action.,later,C11 metric service; C12 web app,planned,
ANL-18,Analytics and decision intelligence,P1,Scale,"Opportunity workflow. Rank evidence-backed opportunities, assign owners and track decisions, experiments and realized outcomes.",Estimated opportunity is never reported as realized benefit before measurement.,later,C11 metric service; C12 web app,planned,
EXP-01,User experience and collaboration,P0,Pilot,"Search workspace. Search by text, identifier, category, brand, attribute, retailer, geography and date.",Users can find both current and historical products and see their coverage status.,pilot,C12 web app; C14 alerts,planned,
EXP-02,User experience and collaboration,P0,Pilot,"Comparison builder. Guide users through match type, units, channel, geography, date, tax, currency and eligibility.",Invalid comparisons are blocked or explicitly labeled exploratory.,pilot,C12 web app; C14 alerts,planned,
EXP-03,User experience and collaboration,P0,Pilot,"Product workspace. Provide product family, variants, offers, evidence, match rationale and historical charts in one view.",Any displayed price is reachable from a chart point in two drill-down steps.,pilot,C12 web app; C14 alerts,planned,
EXP-04,User experience and collaboration,P0,Pilot,"Saved datasets. Create static or rule-based folders with explicit cohort version, owner and sharing permissions.",Dynamic sets show membership changes; frozen sets do not change on recrawl.,pilot,C12 web app; C14 alerts,planned,
EXP-05,User experience and collaboration,P0,Pilot,"Role dashboards. Provide brand, pricing, merchandising, marketing, research, executive and data-operations views.",Each role sees relevant metrics without bypassing entitlement filters.,pilot,C12 web app; C14 alerts,planned,
EXP-06,User experience and collaboration,P0,Pilot,"Drill-through. Connect portfolio KPIs to markets, categories, individual matches and source observations.",A summary number can be reconciled to its exported constituent records.,pilot,C12 web app; C14 alerts,planned,
EXP-07,User experience and collaboration,P0,Pilot,"Alerts. Configure change, promotion, availability, match-quality and freshness alerts with threshold and recipient scope.","Deduplication, cooldown, acknowledgment and clear resolution are tested.",pilot,C12 web app; C14 alerts,planned,
EXP-08,User experience and collaboration,P1,Scale,"Briefings. Generate scheduled evidence-linked briefings with period, cohort, coverage and comparison policy.",Recipients receive only authorized datasets; every finding links to supporting observations.,later,C12 web app; C14 alerts,planned,
EXP-09,User experience and collaboration,P1,Scale,"Team review. Support annotations, assigned investigations, approvals, watchlists and change history.",A reviewer sees the original finding and any later corrections.,later,C12 web app; C14 alerts,planned,
EXP-10,User experience and collaboration,P0,Pilot,"Accessible UI. Provide keyboard navigation, readable charts, accessible tables and Arabic right-to-left layouts.","Core search, comparison and export flows pass the agreed accessibility checklist.",pilot,C12 web app; C14 alerts,planned,
EXP-11,User experience and collaboration,P0,Pilot,"Exports. Export filtered rows, charts, metric definitions and evidence references with permission controls.",Exported totals equal the dashboard under the same cutoff and filter set.,pilot,C12 web app; C14 alerts,planned,
EXP-12,User experience and collaboration,P0,Pilot,"No-data experience. Explain no results, stale results, restricted access, incomplete history and incompatible comparisons.",Empty charts cannot be mistaken for zero prices or zero competitors.,pilot,C12 web app; C14 alerts,planned,
AIG-01,AI assistant and model governance,P1,Scale,Grounded questions. Answer natural-language questions only from authorized datasets and governed metric definitions.,"Each numerical answer references its query, cohort, cutoff and supporting records.",pilot,C13 AI assistant,planned,
AIG-02,AI assistant and model governance,P0,Foundation,"Deterministic calculations. Execute arithmetic and aggregation through tested query or metric services, not free-form language generation.",AI totals exactly match the governed analytics output for test questions.,pilot,C13 AI assistant,planned,
AIG-03,AI assistant and model governance,P0,Foundation,"Uncertainty behavior. Separate observed facts, derived metrics, estimates and forecasts; abstain on insufficient coverage.",An unanswered history period is labeled unavailable rather than invented.,pilot,C13 AI assistant,planned,
AIG-04,AI assistant and model governance,P0,Foundation,"Prompt-injection controls. Treat source pages, descriptions and documents as untrusted data and isolate them from instructions.","Malicious page text cannot access credentials, alter permissions or trigger unauthorized actions.",pilot,C13 AI assistant,planned,
AIG-05,AI assistant and model governance,P0,Foundation,"Read-only tools. Limit AI to allowlisted, scoped read-only queries and approved report drafting.","Tests show no arbitrary SQL writes, commerce actions or cross-tenant retrieval.",pilot,C13 AI assistant,planned,
AIG-06,AI assistant and model governance,P1,Scale,"Model evaluation. Evaluate language accuracy, numerical correctness, attribution, bias and access isolation on held-out tasks.",Release requires the agreed test thresholds and documented failure analysis.,pilot,C13 AI assistant,planned,
AIG-07,AI assistant and model governance,P0,Foundation,"Version and rollback. Track model, prompt, embeddings and extraction versions with rollback and human review.",A changed model can be reverted without losing source observations or manual matches.,pilot,C13 AI assistant,planned,
AIG-08,AI assistant and model governance,P0,Foundation,Training restrictions. Prohibit use of Alshaya confidential data for external model training unless explicitly authorized.,Processing contracts and configuration match the approved data-use policy.,pilot,C13 AI assistant,planned,
INT-01,Integration and portability,P0,Pilot,"Analytics platform feed. Deliver raw-permitted, normalized and matched datasets to the Alshaya Data Analytics Platform.",Alshaya reconstructs a sample dashboard independently from the delivered data.,later,C16 exports/feeds,planned,
INT-02,Integration and portability,P0,Foundation,"Batch contract. Deliver versioned manifests with batch IDs, counts, checksums, schemas and watermarks.",Corrupt or incomplete deliveries are rejected and safely replayed.,pilot,C16 exports/feeds,planned,
INT-03,Integration and portability,P0,Pilot,"Incremental feed. Supply full snapshots, deltas, correction events and tombstones with stable keys.",A consumer can rebuild the same current state from snapshot plus deltas.,pilot,C16 exports/feeds,planned,
INT-04,Integration and portability,P1,Scale,"Query APIs. Provide paginated and scoped product, offer, history, match, coverage and analytics endpoints.","Contract tests cover filters, time zones, permissions, errors and pagination consistency.",later,C16 exports/feeds,planned,
INT-05,Integration and portability,P0,Pilot,"Internal data mapping. Map approved article, brand, store and category codes without replacing source systems of record.",Mapping changes are versioned and internal prices remain internally authoritative.,pilot,C16 exports/feeds,planned,
INT-06,Integration and portability,P1,Scale,"External integrations. Integrate approved collaboration, BI and notification tools via controlled APIs or connectors.",A notification reveals no data beyond the destination audience's entitlement.,later,C16 exports/feeds,planned,
INT-07,Integration and portability,P0,Foundation,"Service identities. Use separate least-privilege identities, secret vaults and rotation for each integration.",No shared employee password or secret is embedded in an exported dataset.,pilot,C16 exports/feeds,planned,
INT-08,Integration and portability,P0,Foundation,"API reliability. Define limits, retry behavior, idempotency, deprecation and supported schema versions.",Consumer retry tests pass without duplicated history or silent truncation.,pilot,C16 exports/feeds,planned,
INT-09,Integration and portability,P0,Pilot,"Exit migration. Export client-owned taxonomies, approved matches, notes and metric definitions in documented formats.","An exit rehearsal verifies data rights, completeness and reconciliation.",pilot,C16 exports/feeds,planned,
INT-10,Integration and portability,P1,Scale,Optional source provider. Allow multiple licensed providers or first-party connectors behind a common ingestion contract.,Replacing one provider does not require rebuilding the comparison UI or internal article model.,later,C16 exports/feeds,planned,
SEC-01,Security and responsible collection,P0,Foundation,"Enterprise identity. Support enterprise single sign-on, multifactor policy and automated joiner-mover-leaver controls.","Revoked users lose UI, API and export access within the agreed identity propagation target.",later,C15 identity; C18 secrets; audit log,planned,
SEC-02,Security and responsible collection,P0,Foundation,"Fine-grained access. Enforce role and attribute-based permissions by tenant, brand, market, dataset and capability.","Negative tests cover search, AI, dashboards, shares and downloaded files.",pilot,C15 identity; C18 secrets; audit log,planned,
SEC-03,Security and responsible collection,P0,Foundation,Encryption. Encrypt data in transit and at rest with managed secrets and auditable key access.,"Security review validates transport, storage and key policies in every environment.",pilot,C15 identity; C18 secrets; audit log,planned,
SEC-04,Security and responsible collection,P0,Foundation,Tenant isolation. Isolate confidential internal data and client-enriched mappings from other customers.,"Cross-tenant tests cannot retrieve identifiers, measures or AI context.",pilot,C15 identity; C18 secrets; audit log,planned,
SEC-05,Security and responsible collection,P0,Foundation,"Source rights review. Review access terms, licensing, copyright, database rights and local constraints per source and use case.",No production source lacks a recorded approval and collection-restriction policy.,deviation,C15 identity; C18 secrets; audit log,planned,Owner decision: per-source rights review replaced by audit-logged collection method (ADR-0003)
SEC-06,Security and responsible collection,P0,Foundation,Personal-data minimization. Avoid reviewer identities and other personal data unless necessary and approved; redact incidental collection.,Default review analytics operate without named individuals or personal contact details.,pilot,C15 identity; C18 secrets; audit log,planned,
SEC-07,Security and responsible collection,P0,Foundation,"Residency and retention. Define allowed storage and processing regions, subprocessors, retention and cross-border safeguards.",Data location and deletion tests match the approved deployment policy.,pilot,C15 identity; C18 secrets; audit log,planned,
SEC-08,Security and responsible collection,P0,Foundation,"Safe URL ingestion. Block private-address access, unsafe redirects, malware and embedded executable content in source onboarding.",SSRF fixtures cannot reach internal services or cloud metadata.,later,C15 identity; C18 secrets; audit log,planned,
SEC-09,Security and responsible collection,P0,Foundation,Independent pricing decisions. Restrict outputs to lawful public or licensed intelligence and Alshaya's independent decisions.,No workflow exchanges competitors' confidential future pricing or coordinates market prices.,later,C15 identity; C18 secrets; audit log,planned,
SEC-10,Security and responsible collection,P0,Foundation,"Audit trail. Log access, exports, entitlement changes, source-policy changes, matches and administrative actions.","Audit events identify actor, object, timestamp and outcome with tamper-evident retention.",pilot,C15 identity; C18 secrets; audit log,planned,
SEC-11,Security and responsible collection,P0,Foundation,"Vulnerability management. Require security testing, dependency management, incident response and remediation ownership.",Critical findings are resolved or formally risk-accepted before release.,pilot,C15 identity; C18 secrets; audit log,planned,
SEC-12,Security and responsible collection,P0,Foundation,Controlled actions. Keep recommendations separate from execution; any later automated action requires a separately approved control design.,The pilot has no automated repricing or purchasing path.,pilot,C15 identity; C18 secrets; audit log,planned,
OPS-01,Reliability and commercial acceptance,P0,Foundation,"Separate SLAs. Specify availability, collection completion, data freshness, data accuracy and incident response separately.",A source outage counts against data-service reporting even when the UI remains available.,pilot,C17 observability; runbooks,planned,
OPS-02,Reliability and commercial acceptance,P0,Foundation,"Performance envelope. Agree source count, location contexts, variants, observations, concurrent users and query workload before setting targets.",Load tests run against the signed workload envelope rather than a demo dataset.,pilot,C17 observability; runbooks,planned,
OPS-03,Reliability and commercial acceptance,P0,Pilot,"Service targets. Negotiate measurable dashboard, API, ingestion, alert and recovery targets with exclusions disclosed.","Every SLA has a measurement window, percentile, owner and breach remedy.",pilot,C17 observability; runbooks,planned,
OPS-04,Reliability and commercial acceptance,P0,Pilot,"Cost transparency. Itemize source-context onboarding, refresh, history, storage, egress, matching, support and custom analytics.","A daily-versus-weekly quote states location, country, channel and source-count assumptions.",later,C17 observability; runbooks,planned,
OPS-05,Reliability and commercial acceptance,P0,Pilot,"No silent truncation. Prohibit undisclosed SKU, row, query, export or history limits within the contracted envelope.",Oversized datasets fail visibly or paginate fully with accurate record counts.,pilot,C17 observability; runbooks,planned,
OPS-06,Reliability and commercial acceptance,P0,Pilot,"Training and adoption. Provide role-based training, glossary, onboarding exercises and named support channels.","Pilot users independently complete search, match review, comparison and export tasks.",later,C17 observability; runbooks,planned,
OPS-07,Reliability and commercial acceptance,P0,Foundation,"Change management. Publish connector and platform release notes, regression evidence and rollout or rollback procedures.",Breaking changes receive agreed notice and a supported migration path.,pilot,C17 observability; runbooks,planned,
OPS-08,Reliability and commercial acceptance,P0,Pilot,Trial acceptance. Test real Alshaya source contexts and agreed products rather than generic demonstration datasets.,Trial exit requires signed evidence for the mandatory use cases and failure scenarios.,later,C17 observability; runbooks,planned,
OPS-09,Reliability and commercial acceptance,P0,Foundation,"Operational observability. Monitor collection queues, parser drift, match quality, pipeline delay, query latency and cost.","Alerts distinguish source, ingestion, matching and serving failures with actionable ownership.",pilot,C17 observability; runbooks,planned,
OPS-10,Reliability and commercial acceptance,P1,Scale,Benefit measurement. Baseline analyst effort and decision cycle time; measure adoption and verified business outcomes.,"Savings and uplift are reported against a documented baseline, not assumed from platform usage.",later,C17 observability; runbooks,planned,
