id,title,requirement_links
UAT-01,"Same item, different sellers",CAT-01; CAT-11; DAT-02
UAT-02,Candle size comparability,CAT-03; PRC-05; MAT-01
UAT-03,Buy-one-get-one condition,PRC-09; PRC-10
UAT-04,Installment confusion,PRC-01; PRC-13
UAT-05,Member versus public,PRC-01; PRC-09
UAT-06,Unknown basket fee,PRC-08
UAT-07,Tax mismatch,PRC-04
UAT-08,Currency and decimals,PRC-03; DQ-03
UAT-09,Historical FX reproducibility,PRC-07; DAT-08
UAT-10,Pickup is not dine-in,PRC-14
UAT-11,Menu item identity,MAT-01; MAT-02
UAT-12,Fragrance concentration,CAT-03; MAT-02
UAT-13,Apparel counting,ANL-05; ANL-07
UAT-14,Unknown versus stock-out,DAT-06; DQ-02
UAT-15,Incomplete source,SRC-03; DQ-04
UAT-16,First history date,SRC-15; DAT-07
UAT-17,Idempotent replay,DAT-09; INT-02
UAT-18,Late correction,DAT-03; DAT-08; DQ-09
UAT-19,Locked match,MAT-05; MAT-07
UAT-20,False transitivity,MAT-09
UAT-21,Fixed basket stability,ANL-02; MAT-10
UAT-22,Pack-size change,ANL-10; CAT-04
UAT-23,Fresh versus stale offer,MAT-11; DQ-08
UAT-24,Promotion between crawls,PRC-15; SRC-07
UAT-25,Source-access restriction,SRC-08; SEC-05
UAT-26,Dashboard-to-data parity,EXP-06; INT-01
UAT-27,Cross-brand access,SCP-04; SEC-02
UAT-28,Prompt injection,AIG-04; AIG-05
UAT-29,Unsafe source URL,SEC-08
UAT-30,AI numerical answer,AIG-01; AIG-02
UAT-31,Unsupported causal claim,ANL-16; AIG-03
UAT-32,Backup and restore,DAT-12; OPS-03
UAT-33,New category onboarding,SCP-01; SCP-12; CAT-05
UAT-34,Contract exit,DAT-11; INT-09
UAT-35,Arabic right-to-left experience,SCP-06; EXP-10
UAT-36,Alert deduplication,SRC-10; EXP-07
